Paper:,https://www.nature.com/articles/s41588-021-00921-z,,,,,
AGRN,"1:985,377",rs113020870,T,0.0041,3.83 × 10−8,"776,379"
TNIP1,"5:150,432,388",rs871269,T,0.32,1.37 × 10−9,"1,089,904"
HAVCR2,"5:156,526,331",rs6891966,G,0.77,7.91 × 10−10,"1,089,230"
HLA-DRB1,"6:32,583,813",rs1846190,A,0.3,2.66 × 10−14,"754,040"
TREM2,"6:40,942,196",rs187370608,G,0.997,1.26 × 10−25,"791,668"
CD2AP,"6:47,552,180",rs9369716,T,0.27,1.70 × 10−17,"1,052,285"
TMEM106B,"7:12,268,758",rs5011436,C,0.41,2.70 × 10−9,"1,123,678"
ZCWPW1/NYAP1,"7:99,932,049",rs7384878,T,0.69,9.41 × 10−16,"1,084,138"
EPHA1-AS1,"7:143,104,331",rs3935067,G,0.62,4.69 × 10−11,"1,117,025"
CLU,"8:27,466,315",rs1532278,T,0.39,1.57 × 10−22,"1,126,563"
SHARPIN,"8:145,108,151",rs61732533,G,0.95,3.14 × 10−9,"1,122,653"
USP6NL/ECHDC3,"10:11,718,713",rs7912495,G,0.46,7.68 × 10−15,"1,120,367"
CCDC6,"10:61,738,152",rs7902657,T,0.54,3.68 × 10−8,"1,126,388"
MADD/SPI1,"11:47,380,340",rs3740688,T,0.54,8.78 × 10−9,"1,123,185"
MS4A4A,"11:60,021,948",rs1582763,G,0.62,3.40 × 10−33,"1,125,804"
PICALM,"11:85,800,279",rs561655,G,0.35,1.24 × 10−26,"1,126,563"
SORL1,"11:121,435,587",rs11218343,T,0.96,1.33 × 10−13,"1,125,100"
FERMT2,"14:53,298,853",rs7146179,G,0.89,6.99 × 10−11,"1,089,904"
RIN3,"14:92,938,855",rs12590654,G,0.67,6.63 × 10−17,"1,116,967"
ADAM10,"15:59,057,023",rs602602,T,0.7,6.22 × 10−15,"1,124,268"
APH1B,"15:63,569,902",rs117618017,T,0.13,7.00 × 10−12,"889,854"
SCIMP/RABEP1,"17:4,969,940",rs7209200,T,0.33,3.18 × 10−8,"1,125,637"
GRN,"17:42,442,344",rs708382,T,0.61,1.98 × 10−9,"1,125,622"
ABI3,"17:47,450,775",rs28394864,G,0.54,4.90 × 10−10,"1,084,218"
TSPOAP1-AS1,"17:56,409,089",rs2632516,G,0.54,7.46 × 10−10,"1,082,451"
ACE,"17:61,545,779",rs6504163,T,0.61,1.23 × 10−9,"1,083,145"
ABCA7,"19:1,050,874",rs12151021,G,0.68,2.81 × 10−15,"1,082,434"
APOE,"19:45,411,941",rs429358,T,0.84,<1.0 × 10−300,"1,126,190"
NTN5,"19:49,213,504",rs2452170,G,0.47,1.72 × 10−8,"1,088,626"
CD33,"19:51,737,991",rs1354106,G,0.37,2.21 × 10−10,"716,038"
LILRB2,"19:54,825,174",rs1761461,C,0.49,1.56 × 10−9,"1,116,336"
CASS4,"20:54,995,699",rs6069737,T,0.083,6.73 × 10−16,"1,087,703"
APP,"21:27,520,931",rs2154482,T,0.44,7.66 × 10−10,"1,124,606"
CR1,"1:207,750,568",rs679515,C,0.82,2.42 × 10−25,"762,176"
NCK2,"2:106,235,428",rs115186657,C,0.0035,1.33 × 10−8,"727,537"
BIN1,"2:127,891,427",rs4663105,C,0.41,3.92 × 10−58,"1,078,540"
INPPD5,"2:234,082,577",rs7597763,C,0.45,4.65 × 10−9,"819,541"
CLNK,"4:11,014,822",rs4504245,G,0.79,5.23 × 10−12,"1,080,458"